{
  "name": "行为词",
  "icon": "scriptor:scrap_tier3",
  "category": "scriptor:basics",
  "pages": [
    {
      "type": "patchouli:text",
      "text": [
        "$(l)行为词$()，也即效果词，是法术的必需部件。",
        "$(br2)",
        "这种部件决定了法术主要的功能。从点燃烈火，",
        "到治疗病人，再到移动物体，行为词的种类不胜枚举。",
        "法术中需至少有一个行为词；不过只要格式正确，",
        "同时存在多个行为词也可以。"
      ]
    },
    {
      "type": "patchouli:relations",
      "entries": [
        "scriptor:basics/descriptors"
      ],
      "title": "描述词",
      "text": [
        "每个行为词都可与多个描述词搭配。",
        "$(br)",
        "有关描述词运作原理的知识，参见本页链接。"
      ]
    }
  ]
}