{
  "name": "法术结构",
  "icon": "scriptor:scrap_tier3",
  "category": "scriptor:basics",
  "pages": [
    {
      "type": "patchouli:text",
      "text": [
        "结构是确保法术正常运作（乃至能否运作）的重要环节。",
        "$(br2)",
        "不同世界的法术结构可能不同，你需要",
        "格外注意特定部件的出现顺序。",
        "$(br)",
        "法术中同类部件的出现位置必然相同。"
      ]
    },
    {
      "type": "patchouli:spotlight",
      "item": "scriptor:tome_tier4",
      "title": "复杂法术",
      "advancement": "scriptor:complex_spells",
      "text": [
        "更多有关复杂结构法术的信息，参见",
        "$(l:advanced/complex_spells)复杂法术$(/l)。"
      ]
    },
    {
      "type": "patchouli:relations",
      "entries": [
        "scriptor:basics/subjects",
        "scriptor:basics/actions",
        "scriptor:basics/descriptors"
      ],
      "title": "部件",
      "text": "组成法术各类部件的具体信息可见本页。"
    }
  ]
}