{
  "name": "地精之王·戈布",
  "icon": "terramity:gobs_gilded_hat_helmet",
  "category": "terramity:bosses",
  "pages": [
    {
      "type": "patchouli:text",
      "text": "戈布是你的terramity之旅中将遇到的第一个boss。$(br2)他可以在生成于黑森林和沼泽群系的地精王宫中召唤$(br2)推荐装备$(br) -钻石/下界合金 盔甲$(br) -强力武器"
    },
	{
      "type": "patchouli:entity",
      "entity": "terramity:gob",
      "scale": 0.55,
	  "offset": 0.45,
	  "rotate": true
    },
	{
      "type": "patchouli:spotlight",
      "text": "手持$(l:terramity:misc/gnome_bartering)红色地精帽子$()右击地精王宫中的金色地精雕像即可召唤Boss.$(br2)金色地精雕像可以在地精王宫结构中找到，该结构只生成于黑森林和沼泽群系。",
	  "item": {
		"item": "terramity:red_gnome_hat_helmet"
	  }
    },
	{
      "type": "patchouli:image",
      "title": "地精王宫",
      "images": ["terramity:textures/screens/court.png"],
      "border": true
    }
  ]
}