{
  "name": "消耗与施法失败",
  "icon": "minecraft:firework_star",
  "category": "scriptor:casting",
  "pages": [
    {
      "type": "patchouli:text",
      "text": [
        "有些时候，法术会因为各种缘故无法施放。",
        "此时继续尝试施放即会导致$(l)施法失败$()。",
        "$(br2)",
        "法术施法失败主要有两个原因：",
        "$(li)法术消耗过高",
        "$(li)未满足法术的条件"
      ]
    },
    {
      "type": "patchouli:text",
      "title": "消耗",
      "text": [
        "法术的每一个部件都会影响法术消耗。",
        "当法术的部件多到超出施法方式对应的上限时，",
        "就会导致施法失败。",
        "$(br2)",
        "如果法术的施放失败是由其消耗所致，可以选择加入减少消耗的部件，",
        "也可减少高消耗的部件。",
        "$(br)",
        "需求施法材料或是要求达成条件的部件会消耗物品以减少整体消耗，",
        "增加法术强度和持续时间的部件则通常会增加消耗。"
      ]
    },
    {
      "type": "patchouli:text",
      "title": "条件",
      "text": [
        "如上一节所提，某些部件会为法术的施放设置条件。",
        "$(br2)",
        "第一类是施法材料部件，每次施法时都需消耗一个物品，",
        "但同时会大幅缩减消耗。",
        "在防止强力法术施放失败时相当有用。"
      ]
    },
    {
      "type": "patchouli:text",
      "text": [
        "第二类涵盖的范围更广。",
        "要求生命值为满，以及那些只能以特定实体为目标的条件",
        "能有效降低法术消耗；但是条件未达成就会直接导致施法失败。"
      ]
    },
    {
      "type": "patchouli:text",
      "title": "？？？",
      "text": [
        "传说有一个咒词可以放进任何法术，它能够削减消耗，而且完全没有副作用⋯⋯",
        "$(br2)",
        "要是这种咒词真的存在，那为何它没能出现在$(l)所有$()法术之中呢？"
      ]
    }
  ]
}