{
  "name": "施法水晶",
  "icon": "scriptor:casting_crystal",
  "category": "scriptor:crafting",
  "pages": [
    {
      "type": "patchouli:text",
      "text": [
        "简而言之，施法水晶可用于更改施法讲台的“自身”目标。",
        "本条目介绍其合成细节事项。",
        "使用方式上的细节请见$(l:advanced/crystals)该机制条目$(/l)。",
        "$(br2)",
        "使用施法水晶前，需要先合成未经绑定的水晶。",
        "配方见下页。"
      ]
    },
    {
      "type": "patchouli:crafting",
      "title": "施法水晶",
      "recipe": "scriptor:casting_crystal"
    },
    {
      "type": "patchouli:text",
      "anchor": "player",
      "title": "玩家",
      "text": [
        "玩家校准水晶是施法水晶的一种。",
        "这类水晶用于校准聚焦至某一位玩家。",
        "使用方式上的细节请见$(l:advanced/crystals#player)该机制条目$(/l)。",
        "$(br2)",
        "在合成方格中仅放置玩家校准水晶合成即可重置其中内容。"
      ]
    },
    {
      "type": "patchouli:crafting",
      "title": "玩家",
      "recipe": "scriptor:player_casting_crystal",
      "recipe2": "scriptor:player_tag"
    },
    {
      "type": "patchouli:text",
      "anchor": "coordinates",
      "title": "坐标",
      "text": [
        "另一种施法水晶便是坐标校准水晶。",
        "这类水晶用于校准聚焦至世界中的一处或多处坐标。",
        "使用方式上的细节请见$(l:advanced/crystals#coordinates)该机制条目$(/l)。",
        "$(br2)",
        "在合成方格中仅放置坐标校准水晶合成即可重置其中内容。"
      ]
    },
    {
      "type": "patchouli:crafting",
      "title": "坐标",
      "recipe": "scriptor:coordinate_casting_crystal",
      "recipe2": "scriptor:coordinate_tag"
    }
  ]
}