{
  "name": "施法讲台",
  "icon": "scriptor:casting_lectern",
  "category": "scriptor:crafting",
  "pages": [
    {
      "type": "patchouli:text",
      "text": [
        "施法讲台可用于自动施放",
        "$(l:casting/spellbooks)法术书$(/l)中写有的法术。",
        "$(br2)",
        "使用方法有关信息请见$(l:casting/lecterns)施法条目$(/l)。"
      ]
    },
    {
      "type": "patchouli:crafting",
      "title": "施法讲台",
      "recipe": "scriptor:casting_lectern"
    }
  ]
}