{
  "name": "限制框架",
  "icon": "complicated_bees:restrictive_frame",
  "category": "complicated_bees:frames",
  "advancement": "complicated_bees:recipes/misc/waxed_frame",
  "pages": [
    {
      "type": "patchouli:text",
      "text": "锁链网能大幅缩减蜜蜂的活动范围，但同时会给蜜蜂的心理健康带来极大的负面冲击，其寿命会缩短，工作速度也会降低。"
    },
    {
      "type": "patchouli:crafting",
      "recipe": "complicated_bees:restrictive_frame"
    }
  ]
}