{
  "name": "异教徒盔甲",
  "icon": "tomeofblood:living_mage_robes",
  "category": "ars_nouveau:tomeofblood",
  "sortnum": 3,
  "pages": [
    {
      "type": "patchouli:text",
      "text": "异教徒盔甲是血魔法束灵盔甲的升级版。它是血魔法的束灵盔甲与新生魔艺的魔法盔甲两者能力结合的产物。$(br2)它能同时接受魔法盔甲升级和束灵盔甲强化。"
    },
    {
      "type": "patchouli:image",
      "border": true,
      "images": [
        "tomeofblood:textures/gui/heretic_thread_diagram.png"
      ],
      "text": "异教徒胸甲也能获取束灵升级点数！"
    }
  ]
}