{
  "name": "魔力调谐",
  "icon": "bloodmagic:upgradetome",
  "category": "ars_nouveau:tomeofblood",
  "sortnum": 4,
  "pages": [
    {
      "type": "patchouli:spotlight",
      "title": "魔力调谐",
      "item": "bloodmagic:upgradetome",
      "text": "此升级可给予最多20%%的魔力减免（每级5%%）。$(br2)训练手段：施放法术和消耗魔力$(br2)最高等级：IV"
    },
    {
      "type": "patchouli:text",
      "text": "I级：4 升级点数$(br)II级：10 升级点数$(br)III级：22 升级点数$(br)IV级：40 升级点数$(br)"
    }
  ]
}
