{
  "name": "薄荷茶",
  "icon": "tomeofblood:mint_tea",
  "category": "ars_nouveau:tomeofblood",
  "sortnum": 2,
  "pages": [
    {
      "type": "patchouli:spotlight",
      "item": "tomeofblood:mint_tea",
      "text": "$(o)带有微弱毒性⋯⋯$()$(br2)喝下可获得$(9)宁静$()药水效果，可在血之祭坛自我献祭时额外获得10%%血液。$(br2)$(o)有5%%概率显现毒性。$()"
    },
    {
      "type": "ars_nouveau:crafting_alchemy_table",
      "recipe": "tomeofblood:alchemytable/mint_tea"
    }
  ]
}