{
  "name": "血之宝典",
  "category": "ars_nouveau:tomeofblood",
  "icon": "tomeofblood:archmage_tome_of_blood",
  "sortnum": 1,
  "pages": [
    {
      "type": "patchouli:spotlight",
      "title": "血之宝典",
      "item": "tomeofblood:novice_tome_of_blood,tomeofblood:apprentice_tome_of_blood,tomeofblood:archmage_tome_of_blood",
      "text": "血之宝典是新生魔艺法术书的特殊变种。它们具有连接至使用者$(#880808)灵魂网络$()的能力。$(br)它们还能突破法术魔力消耗的上限！"
    },
    {
      "type": "patchouli:text",
      "text": "血之宝典会使用玩家的魔力施法。$(br2)如果玩家的魔力不足以施放，则其会尝试使用玩家的LP进行补足，每10点LP兑换1点魔力。"
    },
    {
      "type": "ars_nouveau:crafting_altar",
      "recipe": "tomeofblood:altar/novice_blood_tome",
      "text": "血之宝典可在血之祭坛中用一定量的血液合成。高等级的法术书也可以同种方式转换为血之宝典。可在炼金术桌中升级血之宝典（参见JEI）。"
    },
    {
      "type": "ars_nouveau:2x_crafting_alchemy_table",
      "a.heading": "学徒血之宝典",
      "a.recipe": "tomeofblood:alchemytable/apprentice_tome",
      "b.heading": "大法师血之宝典",
      "b.recipe": "tomeofblood:alchemytable/archmage_tome"
    },
    {
      "type": "ars_nouveau:2x_crafting_altar",
      "a.heading": "学徒血之宝典",
      "a.recipe": "tomeofblood:altar/apprentice_blood_tome",
      "b.heading": "大法师血之宝典",
      "b.recipe": "tomeofblood:altar/archmage_blood_tome"
    }
  ]
}